{"cameraMode":{"drawMode":0,"name":"Shaded","section":"Shading Mode"},"sceneLighting":false,"audioPlay":false,"sceneViewState":{"showFog":true,"showMaterialUpdate":true,"showSkybox":false,"showFlares":true,"showImageEffects":true,"showParticleSystems":true},"in2DMode":false,"pivot":{"x":17.00922203063965,"y":16.541378021240236,"z":-6.819068908691406},"rotation":{"x":0.34759587049484255,"y":0.2831402122974396,"z":-0.1109611988067627,"w":0.886960506439209},"size":13.457831382751465,"orthographic":false}