{"cameraMode":{"drawMode":0,"name":"Shaded","section":"Shading Mode"},"sceneLighting":false,"audioPlay":false,"sceneViewState":{"showFog":true,"showMaterialUpdate":true,"showSkybox":false,"showFlares":true,"showImageEffects":true,"showParticleSystems":true},"in2DMode":false,"pivot":{"x":18.510000228881837,"y":15.0,"z":-7.460000038146973},"rotation":{"x":0.34759587049484255,"y":0.2831402122974396,"z":-0.1109611988067627,"w":0.886960506439209},"size":18.521203994750978,"orthographic":false}