{"cameraMode":{"drawMode":0,"name":"Shaded","section":"Shading Mode"},"sceneLighting":true,"audioPlay":false,"sceneViewState":{"showFog":true,"showMaterialUpdate":true,"showSkybox":true,"showFlares":true,"showImageEffects":true,"showParticleSystems":true},"in2DMode":false,"pivot":{"x":0.1286243051290512,"y":0.3627380430698395,"z":-0.06265787780284882},"rotation":{"x":-0.0036019368562847378,"y":-0.007499874569475651,"z":-0.000026944029741571285,"w":0.9999657869338989},"size":6.878440856933594,"orthographic":true}