{"cameraMode":{"drawMode":0,"name":"Shaded","section":"Shading Mode"},"sceneLighting":false,"audioPlay":false,"sceneViewState":{"showFog":true,"showMaterialUpdate":true,"showSkybox":false,"showFlares":true,"showImageEffects":true,"showParticleSystems":true},"in2DMode":false,"pivot":{"x":18.510000228881837,"y":15.0,"z":-7.460000038146973},"rotation":{"x":0.4478777348995209,"y":0.2160067856311798,"z":-0.11245553940534592,"w":0.860292375087738},"size":18.521203994750978,"orthographic":false}