{"cameraMode":{"drawMode":0,"name":"Shaded","section":"Shading Mode"},"sceneLighting":true,"audioPlay":false,"sceneViewState":{"showFog":true,"showMaterialUpdate":true,"showSkybox":true,"showFlares":true,"showImageEffects":true,"showParticleSystems":true},"in2DMode":false,"pivot":{"x":9.315168380737305,"y":-26.191421508789064,"z":24.323562622070314},"rotation":{"x":0.03829949349164963,"y":-0.95963454246521,"z":0.16225913166999818,"w":0.22651109099388123},"size":10.0,"orthographic":true}